platform,ad,url,tur,erisim,buyukluk,dil,bolge,durum,oncelik,not
Instagram,ARABA KIBRIS,https://www.instagram.com/kibris.car/,ilan_sayfasi,public,133K takipci,TR,KKTC,aktif_dogrulandi,1,"30.09.2026 testi: yapilandirilmis caption, bireysel satici, gunde birkac ilan; Premium/Gold ucretli ilanlar"
Instagram,KKTC SINIRLARINDA ARAC SATISI,https://www.instagram.com/arabam.kibris_/,ilan_sayfasi,public,107K takipci,TR/EN,KKTC,aktif_dogrulandi,1,"30.09.2026 testi: Ilan No 40336-40343 tek sabah 2 saatte 8 ilan; sirali ilan no = hiz olcumu"
Instagram,ARAC KIBRIS,https://www.instagram.com/arac.kibriis/,ilan_sayfasi,public,79K takipci,TR,KKTC,test_edilecek,1,
Instagram,KKTC Ikinci El Arac Satis,https://www.instagram.com/araba.kktc/,ilan_sayfasi,public,46K takipci,TR,KKTC,bulunamadi,2,"30.09.2026 testi: kullanici adi not_found; yeni adi aranacak (Kaynak Avcisi)"
Instagram,KKTC IKINCI EL SATILIK ARACLAR,https://www.instagram.com/kibris__arabam/,ilan_sayfasi,public,35K takipci,TR,KKTC,test_edilecek,1,
Instagram,KKTC ARABAM,https://www.instagram.com/kktc_arabam/,ilan_sayfasi,public,24K takipci,TR/EN,KKTC,test_edilecek,1,
Instagram,SARI SAYFA,https://www.instagram.com/kktc.arabalari/,ilan_sayfasi,public,22K takipci,TR/EN,KKTC,test_edilecek,1,
Instagram,KKTC Arabam,https://www.instagram.com/kibrisarabam_/,ilan_sayfasi,public,1.8K takipci,TR,KKTC,test_edilecek,3,
Instagram,KKTC Ikinci El Satilik Araba,https://www.instagram.com/kibris_arabam/,ilan_sayfasi,public,bilinmiyor,TR,KKTC,test_edilecek,2,
Instagram,KKTC IKINCI EL ARAC SATIS,https://www.instagram.com/araba._.kibris/,ilan_sayfasi,public,bilinmiyor,TR,KKTC,test_edilecek,2,
Instagram,ASAL OTO GALERI,https://www.instagram.com/asal.otogaleri/,galeri,public,11K takipci,TR,KKTC,test_edilecek,3,fiyat referansi icin
Facebook,KKTC ARABA PAZARI,https://www.facebook.com/groups/469402498541872/,grup,bilinmiyor,bilinmiyor,TR,KKTC,test_edilecek,1,
Facebook,Kktc Sol Direksiyon Araba Pazari,https://www.facebook.com/groups/1797997293768755/,grup,bilinmiyor,bilinmiyor,TR,KKTC,test_edilecek,2,
Facebook,north cyprus cars and bikes for sale,https://www.facebook.com/groups/539378399490159/,grup,bilinmiyor,bilinmiyor,EN,KKTC,test_edilecek,1,
Facebook,KKTC ARABAM,https://www.facebook.com/groups/Kibris.Arabam/,grup,bilinmiyor,bilinmiyor,TR,KKTC,test_edilecek,1,
Facebook,KKTC ARABA SATIS GRUBU,https://www.facebook.com/groups/460146661032088/,grup,bilinmiyor,bilinmiyor,TR,KKTC,test_edilecek,1,
Facebook,KKTC Araba Alim Satim,https://www.facebook.com/groups/405189333280604/,grup,bilinmiyor,bilinmiyor,TR,KKTC,test_edilecek,1,
Facebook,KKTC SATILIK ARABA,https://www.facebook.com/groups/414145832006081/,grup,bilinmiyor,bilinmiyor,TR,KKTC,test_edilecek,1,
Facebook,MERCEDES BENZ ALIM SATIM GRUBU KKTC,https://www.facebook.com/groups/682061759485628/,grup,bilinmiyor,bilinmiyor,TR,KKTC,test_edilecek,3,
Facebook,CARS FOR SALE CYPRUS,https://www.facebook.com/groups/457664067768891/,grup,bilinmiyor,bilinmiyor,EN,karisik,test_edilecek,3,KKTC filtresi gerekir
Facebook,Cyprus Cars for sale or swap,https://www.facebook.com/groups/CYPRUSCARSFORSALEORSWAP/,grup,bilinmiyor,bilinmiyor,EN,karisik,test_edilecek,3,KKTC filtresi gerekir
Facebook,Marketplace Cars Kyrenia,https://www.facebook.com/marketplace/2100962630160679/cars/,marketplace,public,bilinmiyor,EN/TR,karisik,test_edilecek,2,KKTC konum filtresi gerekir
Facebook,Marketplace Cars Nicosia,https://www.facebook.com/marketplace/110929015601194/cars/,marketplace,public,bilinmiyor,EN/EL/TR,karisik,test_edilecek,3,agirlikli Guney
Telegram,NORTH CYPRUS CARS,https://t.me/cypruscars,grup,public,9.357 uye,RU,KKTC,aktif_dogrulandi,1,Cyprus-FAQ yonetiminde
Telegram,SEVERNIY KIPR BARAHOLKA,https://t.me/cyprusfleamarket,grup,public,15.191 uye,RU,KKTC,aktif_dogrulandi,2,genel bit pazari; arac filtresi gerekir
Telegram,BARAHOLKA SEVERNIY KIPR,https://t.me/barakholka_northcyprus,grup,public,1.285 uye,RU,KKTC,test_edilecek,3,
Telegram,Severniy Kipr CHAT,https://t.me/Life_Northern_Cyprus,grup,public,bilinmiyor,RU,KKTC,test_edilecek,3,dusuk oncelik
Telegram,Cyprus Car,https://t.me/cypruscar,kanal,public,348 abone,RU,Guney,disari,0,Guney odakli; ilan yayinlamiyor
Telegram,Cyprus Car Sale,https://t.me/cypruscar_sale,kanal,public,bilinmiyor,RU/EN,Guney,disari,0,Guney odakli
Web,KKTCarabam,https://www.kktcarabam.com/kategori/ikinci-el-araclar,ilan_sitesi,public,20K sayac,TR,KKTC,aktif_dogrulandi,1,fiyat referansi; sirali ID
Web,KKTCar,https://kktcar.com/en/search/results,ilan_sitesi,public,518 guncel,TR/EN,KKTC,aktif_dogrulandi,1,7 gunluk tazelik kontrolu
Web,Kibris Araba Al,https://www.kibrisarabaal.com,ilan_sitesi,public,1.952 iddia,TR,KKTC,aktif_dogrulandi,1,Acil Satilik etiketi
Web,Mezunum Satiyorum,https://mezunumsatiyorumkibris.com.tr/ilanlar/kktc-araba,ilan_sitesi,public,132+,TR,KKTC,aktif_dogrulandi,1,ogrenci saticilar
Web,Sahibinden Araba Kibris,https://sahibindenarabakibris.com,ilan_sitesi,public,287,TR,KKTC,aktif_dogrulandi,2,
Web,Sahibinden KKTC,https://www.sahibindenkktc.com,ilan_sitesi,public,bilinmiyor,TR,KKTC,test_edilecek,3,
Web,KibrisAraba,https://www.kibrisaraba.com/,ilan_sitesi,public,bilinmiyor,TR,KKTC,erisim_reddediyor,0,robots.txt otomatik erisimi reddediyor
Web,GalerimPlus,https://www.galerimplus.com,ilan_sitesi,public,bilinmiyor,TR,KKTC,erisim_reddediyor,0,robots.txt otomatik erisimi reddediyor
Web,Illaki Burada,https://www.illakiburada.com/17/vasita-otomobil,ilan_sitesi,public,203,TR,KKTC,erisim_reddediyor,0,robots.txt otomatik erisimi reddediyor
